{
    "timestamp": "2025-04-09_19-13-55",
    "metadata": {
        "iterations": 1,
        "num_stations": 6,
        "simulation_time": 5000
    },
    "results": {
        "accepted_products": [
            918
        ],
        "rejected_products": [
            47
        ],
        "total_products": [
            965
        ],
        "occupancy_rates": [
            [
                0.9995889359431285
            ],
            [
                0.993842789408897
            ],
            [
                0.9960663881792107
            ],
            [
                0.9913690656768361
            ],
            [
                0.9668679961159133
            ],
            [
                0.9611340152272508
            ]
        ],
        "downtime": [
            [
                12.639800036885987
            ],
            [
                10.427272753032526
            ],
            [
                32.55216197773623
            ],
            [
                140.39052631750081
            ],
            [
                13.450390279197691
            ],
            [
                36.63127977663498
            ]
        ],
        "supplier_occupancy": [
            0.037968285026470386
        ],
        "avg_fix_time": [
            3.1959926122206266
        ],
        "avg_bottleneck_delay": [
            1707.1959491624903
        ],
        "faulty_product_rate": [
            0.04870466321243523
        ],
        "accidents": [
            1
        ]
    }
}