{
    "timestamp": "2025-04-09_17-20-50",
    "metadata": {
        "iterations": 1,
        "num_stations": 6,
        "simulation_time": 5000
    },
    "results": {
        "accepted_products": [
            1160
        ],
        "rejected_products": [
            53
        ],
        "total_products": [
            1213
        ],
        "occupancy_rates": [
            [
                0.9996941306121208
            ],
            [
                0.9981943409096009
            ],
            [
                0.9960851875768729
            ],
            [
                0.9894874582850213
            ],
            [
                0.9854625742963955
            ],
            [
                0.9809253755909987
            ]
        ],
        "downtime": [
            [
                5.39722477887608
            ],
            [
                2.3967092348648293
            ],
            [
                30.85526062262528
            ],
            [
                103.87169242316308
            ],
            [
                47.83484432647779
            ],
            [
                24.614075762145774
            ]
        ],
        "supplier_occupancy": [
            0.038804049597839
        ],
        "avg_fix_time": [
            2.721136799343707
        ],
        "avg_bottleneck_delay": [
            2034.7718893711144
        ],
        "faulty_product_rate": [
            0.043693322341302555
        ],
        "accidents": [
            0
        ]
    }
}